timeStamp,elapsed,label,responseCode,responseMessage,threadName,dataType,success,failureMessage,bytes,sentBytes,grpThreads,allThreads,URL,Latency,IdleTime,Connect
1694976261981,6977,HTTP Request,200,OK,ThreadShohoz 1-2,text,true,,73795,116,70,70,https://www.shohoz.com/,6640,0,416
1694976262235,7011,HTTP Request,200,OK,ThreadShohoz 1-7,text,true,,73801,116,70,70,https://www.shohoz.com/,6652,0,164
1694976262178,7109,HTTP Request,200,OK,ThreadShohoz 1-6,text,true,,73799,116,70,70,https://www.shohoz.com/,6764,0,216
1694976262019,7314,HTTP Request,200,OK,ThreadShohoz 1-3,text,true,,73801,116,70,70,https://www.shohoz.com/,6950,0,375
1694976261981,7360,HTTP Request,200,OK,ThreadShohoz 1-1,text,true,,73795,116,70,70,https://www.shohoz.com/,6952,0,415
1694976262290,7072,HTTP Request,200,OK,ThreadShohoz 1-8,text,true,,73807,116,70,70,https://www.shohoz.com/,6690,0,147
1694976262403,6961,HTTP Request,200,OK,ThreadShohoz 1-10,text,true,,73803,116,70,70,https://www.shohoz.com/,6632,0,148
1694976262347,7040,HTTP Request,200,OK,ThreadShohoz 1-9,text,true,,73799,116,70,70,https://www.shohoz.com/,6637,0,166
1694976262078,7355,HTTP Request,200,OK,ThreadShohoz 1-4,text,true,,73807,116,70,70,https://www.shohoz.com/,7008,0,316
1694976262121,7385,HTTP Request,200,OK,ThreadShohoz 1-5,text,true,,73801,116,70,70,https://www.shohoz.com/,7031,0,275
1694976262521,7121,HTTP Request,200,OK,ThreadShohoz 1-12,text,true,,73795,116,70,70,https://www.shohoz.com/,6772,0,149
1694976262463,7302,HTTP Request,200,OK,ThreadShohoz 1-11,text,true,,73803,116,70,70,https://www.shohoz.com/,6937,0,143
1694976262577,7505,HTTP Request,200,OK,ThreadShohoz 1-13,text,true,,73801,116,70,70,https://www.shohoz.com/,7161,0,152
1694976262633,7702,HTTP Request,200,OK,ThreadShohoz 1-14,text,true,,73803,116,70,70,https://www.shohoz.com/,7366,0,149
1694976262689,7883,HTTP Request,200,OK,ThreadShohoz 1-15,text,true,,73807,116,70,70,https://www.shohoz.com/,7542,0,142
1694976262746,8002,HTTP Request,200,OK,ThreadShohoz 1-16,text,true,,73819,116,70,70,https://www.shohoz.com/,7647,0,158
1694976262860,8073,HTTP Request,200,OK,ThreadShohoz 1-18,text,true,,73803,116,70,70,https://www.shohoz.com/,7720,0,145
1694976262920,8167,HTTP Request,200,OK,ThreadShohoz 1-19,text,true,,73807,116,70,70,https://www.shohoz.com/,7795,0,145
1694976262803,8326,HTTP Request,200,OK,ThreadShohoz 1-17,text,true,,73799,116,70,70,https://www.shohoz.com/,7981,0,149
1694976263031,8168,HTTP Request,200,OK,ThreadShohoz 1-21,text,true,,73807,116,70,70,https://www.shohoz.com/,7793,0,142
1694976262974,8227,HTTP Request,200,OK,ThreadShohoz 1-20,text,true,,73803,116,70,70,https://www.shohoz.com/,7866,0,144
1694976263088,8233,HTTP Request,200,OK,ThreadShohoz 1-22,text,true,,73795,116,70,70,https://www.shohoz.com/,7870,0,148
1694976263146,8270,HTTP Request,200,OK,ThreadShohoz 1-23,text,true,,73801,116,70,70,https://www.shohoz.com/,7929,0,149
1694976263202,8380,HTTP Request,200,OK,ThreadShohoz 1-24,text,true,,73807,116,70,70,https://www.shohoz.com/,8022,0,149
1694976263316,8554,HTTP Request,200,OK,ThreadShohoz 1-26,text,true,,73801,116,70,70,https://www.shohoz.com/,8185,0,144
1694976263431,8498,HTTP Request,200,OK,ThreadShohoz 1-28,text,true,,73807,116,70,70,https://www.shohoz.com/,8165,0,142
1694976263261,8768,HTTP Request,200,OK,ThreadShohoz 1-25,text,true,,73801,116,70,70,https://www.shohoz.com/,8337,0,141
1694976263543,8612,HTTP Request,200,OK,ThreadShohoz 1-30,text,true,,73799,116,70,70,https://www.shohoz.com/,8289,0,141
1694976263487,8692,HTTP Request,200,OK,ThreadShohoz 1-29,text,true,,73805,116,70,70,https://www.shohoz.com/,8372,0,157
1694976263374,8862,HTTP Request,200,OK,ThreadShohoz 1-27,text,true,,73801,116,70,70,https://www.shohoz.com/,8458,0,145
1694976263601,8784,HTTP Request,200,OK,ThreadShohoz 1-31,text,true,,73803,116,70,70,https://www.shohoz.com/,8445,0,140
1694976263657,8764,HTTP Request,200,OK,ThreadShohoz 1-32,text,true,,73799,116,70,70,https://www.shohoz.com/,8429,0,166
1694976263715,8716,HTTP Request,200,OK,ThreadShohoz 1-33,text,true,,73799,116,70,70,https://www.shohoz.com/,8350,0,144
1694976263829,8719,HTTP Request,200,OK,ThreadShohoz 1-35,text,true,,73795,116,70,70,https://www.shohoz.com/,8367,0,151
1694976263771,8887,HTTP Request,200,OK,ThreadShohoz 1-34,text,true,,73795,116,70,70,https://www.shohoz.com/,8481,0,143
1694976263886,9368,HTTP Request,200,OK,ThreadShohoz 1-36,text,true,,73801,116,70,70,https://www.shohoz.com/,9049,0,158
1694976263943,9820,HTTP Request,200,OK,ThreadShohoz 1-37,text,true,,73807,116,70,70,https://www.shohoz.com/,9473,0,145
1694976264057,9919,HTTP Request,200,OK,ThreadShohoz 1-39,text,true,,73803,116,70,70,https://www.shohoz.com/,9527,0,148
1694976264000,10059,HTTP Request,200,OK,ThreadShohoz 1-38,text,true,,73807,116,70,70,https://www.shohoz.com/,9687,0,145
1694976264114,10117,HTTP Request,200,OK,ThreadShohoz 1-40,text,true,,73801,116,70,70,https://www.shohoz.com/,9800,0,164
1694976264171,10449,HTTP Request,200,OK,ThreadShohoz 1-41,text,true,,73799,116,70,70,https://www.shohoz.com/,10105,0,141
1694976264226,11342,HTTP Request,200,OK,ThreadShohoz 1-42,text,true,,73803,116,70,70,https://www.shohoz.com/,10957,0,160
1694976264285,11513,HTTP Request,200,OK,ThreadShohoz 1-43,text,true,,73803,116,70,70,https://www.shohoz.com/,11162,0,144
1694976264456,11605,HTTP Request,200,OK,ThreadShohoz 1-46,text,true,,73807,116,70,70,https://www.shohoz.com/,11283,0,153
1694976264341,11768,HTTP Request,200,OK,ThreadShohoz 1-44,text,true,,73801,116,70,70,https://www.shohoz.com/,11448,0,146
1694976264399,11729,HTTP Request,200,OK,ThreadShohoz 1-45,text,true,,73811,116,70,70,https://www.shohoz.com/,11362,0,152
1694976264569,11730,HTTP Request,200,OK,ThreadShohoz 1-48,text,true,,73799,116,70,70,https://www.shohoz.com/,11387,0,143
1694976264741,11791,HTTP Request,200,OK,ThreadShohoz 1-51,text,true,,73801,116,70,70,https://www.shohoz.com/,11431,0,145
1694976264684,11862,HTTP Request,200,OK,ThreadShohoz 1-50,text,true,,73795,116,70,70,https://www.shohoz.com/,11539,0,147
1694976264513,12044,HTTP Request,200,OK,ThreadShohoz 1-47,text,true,,73815,116,70,70,https://www.shohoz.com/,11646,0,152
1694976264626,12060,HTTP Request,200,OK,ThreadShohoz 1-49,text,true,,73799,116,70,70,https://www.shohoz.com/,11696,0,151
1694976264798,12082,HTTP Request,200,OK,ThreadShohoz 1-52,text,true,,73803,116,70,70,https://www.shohoz.com/,11698,0,147
1694976264854,12648,HTTP Request,200,OK,ThreadShohoz 1-53,text,true,,73799,116,70,70,https://www.shohoz.com/,12284,0,151
1694976264911,12601,HTTP Request,200,OK,ThreadShohoz 1-54,text,true,,73807,116,70,70,https://www.shohoz.com/,12229,0,150
1694976265026,12618,HTTP Request,200,OK,ThreadShohoz 1-56,text,true,,73799,116,70,70,https://www.shohoz.com/,12322,0,148
1694976264969,12784,HTTP Request,200,OK,ThreadShohoz 1-55,text,true,,73803,116,70,70,https://www.shohoz.com/,12413,0,155
1694976265083,12870,HTTP Request,200,OK,ThreadShohoz 1-57,text,true,,73795,116,70,70,https://www.shohoz.com/,12532,0,143
1694976265196,12817,HTTP Request,200,OK,ThreadShohoz 1-59,text,true,,73805,116,70,70,https://www.shohoz.com/,12502,0,146
1694976265253,12762,HTTP Request,200,OK,ThreadShohoz 1-60,text,true,,73805,116,70,70,https://www.shohoz.com/,12425,0,147
1694976265140,13059,HTTP Request,200,OK,ThreadShohoz 1-58,text,true,,73801,116,70,70,https://www.shohoz.com/,12703,0,142
1694976265310,13218,HTTP Request,200,OK,ThreadShohoz 1-61,text,true,,73807,116,70,70,https://www.shohoz.com/,12841,0,145
1694976265369,13311,HTTP Request,200,OK,ThreadShohoz 1-62,text,true,,73799,116,70,70,https://www.shohoz.com/,13000,0,141
1694976265426,13263,HTTP Request,200,OK,ThreadShohoz 1-63,text,true,,73803,116,70,70,https://www.shohoz.com/,12994,0,149
1694976265540,13220,HTTP Request,200,OK,ThreadShohoz 1-65,text,true,,73803,116,70,70,https://www.shohoz.com/,12900,0,150
1694976265484,13522,HTTP Request,200,OK,ThreadShohoz 1-64,text,true,,73803,116,70,70,https://www.shohoz.com/,13199,0,153
1694976265597,13498,HTTP Request,200,OK,ThreadShohoz 1-66,text,true,,73803,116,70,70,https://www.shohoz.com/,13158,0,157
1694976265711,13467,HTTP Request,200,OK,ThreadShohoz 1-68,text,true,,73801,116,70,70,https://www.shohoz.com/,13176,0,163
1694976265768,13442,HTTP Request,200,OK,ThreadShohoz 1-69,text,true,,73795,116,70,70,https://www.shohoz.com/,13174,0,145
1694976265825,13569,HTTP Request,200,OK,ThreadShohoz 1-70,text,true,,73799,116,70,70,https://www.shohoz.com/,13252,0,147
1694976265654,13833,HTTP Request,200,OK,ThreadShohoz 1-67,text,true,,73807,116,70,70,https://www.shohoz.com/,13176,0,142
1694976269245,11805,HTTP Request,200,OK,ThreadShohoz 1-7,text,true,,73799,116,70,70,https://www.shohoz.com/,11429,0,0
1694976268959,12167,HTTP Request,200,OK,ThreadShohoz 1-2,text,true,,73801,116,70,70,https://www.shohoz.com/,11748,0,0
1694976269286,12429,HTTP Request,200,OK,ThreadShohoz 1-6,text,true,,73801,116,70,70,https://www.shohoz.com/,12095,0,0
1694976269340,12899,HTTP Request,200,OK,ThreadShohoz 1-1,text,true,,73807,116,70,70,https://www.shohoz.com/,12445,0,0
1694976269361,12899,HTTP Request,200,OK,ThreadShohoz 1-8,text,true,,73803,116,70,70,https://www.shohoz.com/,12465,0,0
1694976269332,12932,HTTP Request,200,OK,ThreadShohoz 1-3,text,true,,73795,116,70,70,https://www.shohoz.com/,12437,0,0
1694976269363,12993,HTTP Request,200,OK,ThreadShohoz 1-10,text,true,,73795,116,70,70,https://www.shohoz.com/,12585,0,0
1694976269386,13212,HTTP Request,200,OK,ThreadShohoz 1-9,text,true,,73803,116,70,70,https://www.shohoz.com/,12806,0,0
1694976269642,13068,HTTP Request,200,OK,ThreadShohoz 1-12,text,true,,73803,116,70,70,https://www.shohoz.com/,12679,0,0
1694976269765,12958,HTTP Request,200,OK,ThreadShohoz 1-11,text,true,,73799,116,70,70,https://www.shohoz.com/,12525,0,0
1694976269433,13407,HTTP Request,200,OK,ThreadShohoz 1-4,text,true,,73799,116,70,70,https://www.shohoz.com/,13012,0,0
1694976269505,13347,HTTP Request,200,OK,ThreadShohoz 1-5,text,true,,73801,116,70,70,https://www.shohoz.com/,12970,0,0
1694976270083,13010,HTTP Request,200,OK,ThreadShohoz 1-13,text,true,,73799,116,70,70,https://www.shohoz.com/,12623,0,0
1694976270335,13195,HTTP Request,200,OK,ThreadShohoz 1-14,text,true,,73801,116,70,70,https://www.shohoz.com/,12778,0,0
1694976270571,13577,HTTP Request,200,OK,ThreadShohoz 1-15,text,true,,73801,116,70,70,https://www.shohoz.com/,13248,0,0
1694976270747,13801,HTTP Request,200,OK,ThreadShohoz 1-16,text,true,,73801,116,70,70,https://www.shohoz.com/,13381,0,0
1694976270932,13755,HTTP Request,200,OK,ThreadShohoz 1-18,text,true,,73803,116,70,70,https://www.shohoz.com/,13338,0,0
1694976271198,13550,HTTP Request,200,OK,ThreadShohoz 1-21,text,true,,73803,116,70,70,https://www.shohoz.com/,13128,0,0
1694976271087,13731,HTTP Request,200,OK,ThreadShohoz 1-19,text,true,,73803,116,70,70,https://www.shohoz.com/,13259,0,0
1694976271128,13747,HTTP Request,200,OK,ThreadShohoz 1-17,text,true,,73801,116,70,70,https://www.shohoz.com/,13290,0,0
1694976271320,13664,HTTP Request,200,OK,ThreadShohoz 1-22,text,true,,73799,116,70,70,https://www.shohoz.com/,13237,0,0
1694976271200,13823,HTTP Request,200,OK,ThreadShohoz 1-20,text,true,,73801,116,70,70,https://www.shohoz.com/,13406,0,0
1694976271415,13827,HTTP Request,200,OK,ThreadShohoz 1-23,text,true,,73801,116,70,70,https://www.shohoz.com/,13459,0,0
1694976271581,13731,HTTP Request,200,OK,ThreadShohoz 1-24,text,true,,73801,116,70,70,https://www.shohoz.com/,13344,0,0
1694976271869,13752,HTTP Request,200,OK,ThreadShohoz 1-26,text,true,,73801,116,70,70,https://www.shohoz.com/,13362,0,0
1694976272154,13540,HTTP Request,200,OK,ThreadShohoz 1-30,text,true,,73795,116,70,70,https://www.shohoz.com/,13152,0,0
1694976271928,14038,HTTP Request,200,OK,ThreadShohoz 1-28,text,true,,73805,116,70,70,https://www.shohoz.com/,13611,0,0
1694976272179,13794,HTTP Request,200,OK,ThreadShohoz 1-29,text,true,,73795,116,70,70,https://www.shohoz.com/,13391,0,0
1694976272029,14304,HTTP Request,200,OK,ThreadShohoz 1-25,text,true,,73803,116,70,70,https://www.shohoz.com/,13684,0,0
1694976272235,14471,HTTP Request,200,OK,ThreadShohoz 1-27,text,true,,73803,116,70,70,https://www.shohoz.com/,14096,0,0
1694976272431,14302,HTTP Request,200,OK,ThreadShohoz 1-33,text,true,,73799,116,70,70,https://www.shohoz.com/,13860,0,0
1694976272384,14439,HTTP Request,200,OK,ThreadShohoz 1-31,text,true,,73799,116,70,70,https://www.shohoz.com/,14041,0,0
1694976272420,14411,HTTP Request,200,OK,ThreadShohoz 1-32,text,true,,73795,116,70,70,https://www.shohoz.com/,14045,0,0
1694976272547,14341,HTTP Request,200,OK,ThreadShohoz 1-35,text,true,,73801,116,70,70,https://www.shohoz.com/,13922,0,0
1694976272657,14502,HTTP Request,200,OK,ThreadShohoz 1-34,text,true,,73811,116,70,70,https://www.shohoz.com/,14090,0,0
1694976273253,14509,HTTP Request,200,OK,ThreadShohoz 1-36,text,true,,73799,116,70,70,https://www.shohoz.com/,14096,0,0
1694976273762,15114,HTTP Request,200,OK,ThreadShohoz 1-37,text,true,,73803,116,70,70,https://www.shohoz.com/,14688,0,0
1694976274058,14867,HTTP Request,200,OK,ThreadShohoz 1-38,text,true,,73803,116,70,70,https://www.shohoz.com/,14457,0,0
1694976274230,14758,HTTP Request,200,OK,ThreadShohoz 1-40,text,true,,73803,116,70,70,https://www.shohoz.com/,14323,0,0
1694976274619,14384,HTTP Request,200,OK,ThreadShohoz 1-41,text,true,,73803,116,70,70,https://www.shohoz.com/,13958,0,0
1694976273975,15029,HTTP Request,200,OK,ThreadShohoz 1-39,text,true,,73795,116,70,70,https://www.shohoz.com/,14605,0,0
1694976275568,13819,HTTP Request,200,OK,ThreadShohoz 1-42,text,true,,73807,116,70,70,https://www.shohoz.com/,13428,0,0
1694976275797,13968,HTTP Request,200,OK,ThreadShohoz 1-43,text,true,,73801,116,70,70,https://www.shohoz.com/,13590,0,0
1694976276061,13954,HTTP Request,200,OK,ThreadShohoz 1-46,text,true,,73803,116,70,70,https://www.shohoz.com/,13534,0,0
1694976276108,14174,HTTP Request,200,OK,ThreadShohoz 1-44,text,true,,73799,116,70,70,https://www.shohoz.com/,13762,0,0
1694976276298,14101,HTTP Request,200,OK,ThreadShohoz 1-48,text,true,,73801,116,70,70,https://www.shohoz.com/,13736,0,0
1694976276127,14457,HTTP Request,200,OK,ThreadShohoz 1-45,text,true,,73803,116,70,70,https://www.shohoz.com/,14040,0,0
1694976276545,14421,HTTP Request,200,OK,ThreadShohoz 1-50,text,true,,73803,116,70,70,https://www.shohoz.com/,14039,0,0
1694976276685,14538,HTTP Request,200,OK,ThreadShohoz 1-49,text,true,,73803,116,70,70,https://www.shohoz.com/,14151,0,0
1694976276531,14736,HTTP Request,200,OK,ThreadShohoz 1-51,text,true,,73803,116,70,70,https://www.shohoz.com/,14336,0,0
1694976276556,14834,HTTP Request,200,OK,ThreadShohoz 1-47,text,true,,73803,116,70,70,https://www.shohoz.com/,14420,0,0
1694976276880,14931,HTTP Request,200,OK,ThreadShohoz 1-52,text,true,,73795,116,70,70,https://www.shohoz.com/,14500,0,0
1694976277501,14649,HTTP Request,200,OK,ThreadShohoz 1-53,text,true,,73795,116,70,70,https://www.shohoz.com/,14257,0,0
1694976277511,14792,HTTP Request,200,OK,ThreadShohoz 1-54,text,true,,73801,116,70,70,https://www.shohoz.com/,14380,0,0
1694976277643,14796,HTTP Request,200,OK,ThreadShohoz 1-56,text,true,,73799,116,70,70,https://www.shohoz.com/,14371,0,0
1694976277753,14863,HTTP Request,200,OK,ThreadShohoz 1-55,text,true,,73803,116,70,70,https://www.shohoz.com/,14394,0,0
1694976277952,15113,HTTP Request,200,OK,ThreadShohoz 1-57,text,true,,73803,116,70,70,https://www.shohoz.com/,14662,0,0
1694976278015,15106,HTTP Request,200,OK,ThreadShohoz 1-60,text,true,,73803,116,70,70,https://www.shohoz.com/,14707,0,0
1694976278012,15163,HTTP Request,200,OK,ThreadShohoz 1-59,text,true,,73799,116,70,70,https://www.shohoz.com/,14752,0,0
1694976278199,15157,HTTP Request,200,OK,ThreadShohoz 1-58,text,true,,73801,116,70,70,https://www.shohoz.com/,14728,0,0
1694976278527,15130,HTTP Request,200,OK,ThreadShohoz 1-61,text,true,,73803,116,70,70,https://www.shohoz.com/,14690,0,0
1694976278680,15332,HTTP Request,200,OK,ThreadShohoz 1-62,text,true,,73803,116,70,70,https://www.shohoz.com/,14946,0,0
1694976278688,15509,HTTP Request,200,OK,ThreadShohoz 1-63,text,true,,73799,116,70,70,https://www.shohoz.com/,15079,0,0
1694976278759,15568,HTTP Request,200,OK,ThreadShohoz 1-65,text,true,,73811,116,70,70,https://www.shohoz.com/,15182,0,0
1694976279006,15913,HTTP Request,200,OK,ThreadShohoz 1-64,text,true,,73801,116,70,70,https://www.shohoz.com/,15478,0,0
1694976279094,15866,HTTP Request,200,OK,ThreadShohoz 1-66,text,true,,73799,116,70,70,https://www.shohoz.com/,15481,0,0
1694976279177,16212,HTTP Request,200,OK,ThreadShohoz 1-68,text,true,,73799,116,70,70,https://www.shohoz.com/,15804,0,0
1694976279209,16384,HTTP Request,200,OK,ThreadShohoz 1-69,text,true,,73801,116,70,70,https://www.shohoz.com/,15978,0,0
1694976279393,16269,HTTP Request,200,OK,ThreadShohoz 1-70,text,true,,73799,116,70,70,https://www.shohoz.com/,15852,0,0
1694976281050,15525,HTTP Request,200,OK,ThreadShohoz 1-7,text,true,,73795,116,70,70,https://www.shohoz.com/,15101,0,0
1694976279487,17164,HTTP Request,200,OK,ThreadShohoz 1-67,text,true,,73803,116,70,70,https://www.shohoz.com/,16135,0,0
1694976281715,15180,HTTP Request,200,OK,ThreadShohoz 1-6,text,true,,73801,116,70,70,https://www.shohoz.com/,14779,0,0
1694976281126,16064,HTTP Request,200,OK,ThreadShohoz 1-2,text,true,,73803,116,70,70,https://www.shohoz.com/,15632,0,0
1694976282239,15250,HTTP Request,200,OK,ThreadShohoz 1-1,text,true,,73795,116,70,70,https://www.shohoz.com/,14858,0,0
1694976282260,15425,HTTP Request,200,OK,ThreadShohoz 1-8,text,true,,73795,116,70,70,https://www.shohoz.com/,14970,0,0
1694976282265,15720,HTTP Request,200,OK,ThreadShohoz 1-3,text,true,,73795,116,70,70,https://www.shohoz.com/,15308,0,0
1694976282356,15956,HTTP Request,200,OK,ThreadShohoz 1-10,text,true,,73801,116,70,70,https://www.shohoz.com/,15513,0,0
1694976282599,15880,HTTP Request,200,OK,ThreadShohoz 1-9,text,true,,73795,116,70,70,https://www.shohoz.com/,15445,0,0
1694976282710,16134,HTTP Request,200,OK,ThreadShohoz 1-12,text,true,,73803,116,70,70,https://www.shohoz.com/,15734,0,0
1694976282840,16182,HTTP Request,200,OK,ThreadShohoz 1-4,text,true,,73801,116,70,70,https://www.shohoz.com/,15799,0,0
1694976282852,16191,HTTP Request,200,OK,ThreadShohoz 1-5,text,true,,73803,116,70,70,https://www.shohoz.com/,15796,0,0
1694976283093,15953,HTTP Request,200,OK,ThreadShohoz 1-13,text,true,,73801,116,70,70,https://www.shohoz.com/,15581,0,0
1694976282723,16382,HTTP Request,200,OK,ThreadShohoz 1-11,text,true,,73803,116,70,70,https://www.shohoz.com/,15968,0,0
1694976283530,15737,HTTP Request,200,OK,ThreadShohoz 1-14,text,true,,73801,116,70,70,https://www.shohoz.com/,15423,0,0
1694976284148,15692,HTTP Request,200,OK,ThreadShohoz 1-15,text,true,,73803,116,70,70,https://www.shohoz.com/,15399,0,0
1694976284549,15410,HTTP Request,200,OK,ThreadShohoz 1-16,text,true,,73801,116,70,70,https://www.shohoz.com/,15075,0,0
1694976284688,15304,HTTP Request,200,OK,ThreadShohoz 1-18,text,true,,73801,116,70,70,https://www.shohoz.com/,14975,0,0
1694976284984,15228,HTTP Request,200,OK,ThreadShohoz 1-22,text,true,,73795,116,70,70,https://www.shohoz.com/,14901,0,0
1694976284748,15471,HTTP Request,200,OK,ThreadShohoz 1-21,text,true,,73801,116,70,70,https://www.shohoz.com/,15062,0,0
1694976284875,15479,HTTP Request,200,OK,ThreadShohoz 1-17,text,true,,73801,116,70,70,https://www.shohoz.com/,15190,0,0
1694976285023,15379,HTTP Request,200,OK,ThreadShohoz 1-20,text,true,,73803,116,70,70,https://www.shohoz.com/,15144,0,0
1694976284818,15654,HTTP Request,200,OK,ThreadShohoz 1-19,text,true,,73799,116,70,70,https://www.shohoz.com/,15371,0,0
1694976285242,15335,HTTP Request,200,OK,ThreadShohoz 1-23,text,true,,73799,116,70,70,https://www.shohoz.com/,15053,0,0
1694976285313,15318,HTTP Request,200,OK,ThreadShohoz 1-24,text,true,,73799,116,70,70,https://www.shohoz.com/,15046,0,0
1694976285621,15282,HTTP Request,200,OK,ThreadShohoz 1-26,text,true,,73805,116,70,70,https://www.shohoz.com/,15046,0,0
1694976285694,15365,HTTP Request,200,OK,ThreadShohoz 1-30,text,true,,73799,116,70,70,https://www.shohoz.com/,15074,0,0
1694976285966,15364,HTTP Request,200,OK,ThreadShohoz 1-28,text,true,,73795,116,70,70,https://www.shohoz.com/,15033,0,0
1694976285973,15518,HTTP Request,200,OK,ThreadShohoz 1-29,text,true,,73805,116,70,70,https://www.shohoz.com/,15193,0,0
1694976286333,15347,HTTP Request,200,OK,ThreadShohoz 1-25,text,true,,73803,116,70,70,https://www.shohoz.com/,14981,0,0
1694976286707,15266,HTTP Request,200,OK,ThreadShohoz 1-27,text,true,,73799,116,70,70,https://www.shohoz.com/,14973,0,0
1694976286823,15233,HTTP Request,200,OK,ThreadShohoz 1-31,text,true,,73799,116,70,70,https://www.shohoz.com/,14952,0,0
1694976286831,15462,HTTP Request,200,OK,ThreadShohoz 1-32,text,true,,73799,116,70,70,https://www.shohoz.com/,15123,0,0
1694976286733,15638,HTTP Request,200,OK,ThreadShohoz 1-33,text,true,,73803,116,70,70,https://www.shohoz.com/,15254,0,0
1694976286888,15652,HTTP Request,200,OK,ThreadShohoz 1-35,text,true,,73801,116,70,70,https://www.shohoz.com/,15279,0,0
1694976287159,15455,HTTP Request,200,OK,ThreadShohoz 1-34,text,true,,73799,116,70,70,https://www.shohoz.com/,15077,0,0
1694976287762,15496,HTTP Request,200,OK,ThreadShohoz 1-36,text,true,,73801,116,70,70,https://www.shohoz.com/,15114,0,0
1694976288876,17218,HTTP Request,200,OK,ThreadShohoz 1-37,text,true,,73807,116,70,70,https://www.shohoz.com/,16770,0,0
1694976289003,17182,HTTP Request,200,OK,ThreadShohoz 1-41,text,true,,73803,116,70,70,https://www.shohoz.com/,16736,0,0
1694976288926,17331,HTTP Request,200,OK,ThreadShohoz 1-38,text,true,,73807,116,70,70,https://www.shohoz.com/,16895,0,0
1694976288989,17318,HTTP Request,200,OK,ThreadShohoz 1-40,text,true,,73801,116,70,70,https://www.shohoz.com/,16843,0,0
1694976289004,17738,HTTP Request,200,OK,ThreadShohoz 1-39,text,true,,73795,116,70,70,https://www.shohoz.com/,17335,0,0
1694976289387,17811,HTTP Request,200,OK,ThreadShohoz 1-42,text,true,,73803,116,70,70,https://www.shohoz.com/,17437,0,0
1694976289765,17531,HTTP Request,200,OK,ThreadShohoz 1-43,text,true,,73803,116,70,70,https://www.shohoz.com/,17094,0,0
1694976290015,17302,HTTP Request,200,OK,ThreadShohoz 1-46,text,true,,73801,116,70,70,https://www.shohoz.com/,16896,0,0
1694976290399,17374,HTTP Request,200,OK,ThreadShohoz 1-48,text,true,,73799,116,70,70,https://www.shohoz.com/,16995,0,0
1694976290585,17206,HTTP Request,200,OK,ThreadShohoz 1-45,text,true,,73801,116,70,70,https://www.shohoz.com/,16774,0,0
1694976290282,17581,HTTP Request,200,OK,ThreadShohoz 1-44,text,true,,73801,116,70,70,https://www.shohoz.com/,17156,0,0
1694976291223,17165,HTTP Request,200,OK,ThreadShohoz 1-49,text,true,,73803,116,70,70,https://www.shohoz.com/,16720,0,0
1694976290966,17437,HTTP Request,200,OK,ThreadShohoz 1-50,text,true,,73801,116,70,70,https://www.shohoz.com/,17079,0,0
1694976292150,16462,HTTP Request,200,OK,ThreadShohoz 1-53,text,true,,73811,116,70,70,https://www.shohoz.com/,16105,0,0
1694976292303,16320,HTTP Request,200,OK,ThreadShohoz 1-54,text,true,,73803,116,70,70,https://www.shohoz.com/,15904,0,0
1694976292439,16288,HTTP Request,200,OK,ThreadShohoz 1-56,text,true,,73805,116,70,70,https://www.shohoz.com/,15908,0,0
1694976292616,16118,HTTP Request,200,OK,ThreadShohoz 1-55,text,true,,73801,116,70,70,https://www.shohoz.com/,15680,0,0
1694976291391,17386,HTTP Request,200,OK,ThreadShohoz 1-47,text,true,,73801,116,70,70,https://www.shohoz.com/,17009,0,0
1694976291268,17520,HTTP Request,200,OK,ThreadShohoz 1-51,text,true,,73801,116,70,70,https://www.shohoz.com/,17091,0,0
1694976291811,17191,HTTP Request,200,OK,ThreadShohoz 1-52,text,true,,73803,116,70,70,https://www.shohoz.com/,16793,0,0
1694976293066,16011,HTTP Request,200,OK,ThreadShohoz 1-57,text,true,,73803,116,70,70,https://www.shohoz.com/,15613,0,0
1694976294012,15979,HTTP Request,200,OK,ThreadShohoz 1-62,text,true,,73801,116,70,70,https://www.shohoz.com/,15581,0,0
1694976293657,16455,HTTP Request,200,OK,ThreadShohoz 1-61,text,true,,73803,116,70,70,https://www.shohoz.com/,15996,0,0
1694976293121,17008,HTTP Request,200,OK,ThreadShohoz 1-60,text,true,,73803,116,70,70,https://www.shohoz.com/,16573,0,0
1694976293357,16849,HTTP Request,200,OK,ThreadShohoz 1-58,text,true,,73801,116,70,70,https://www.shohoz.com/,16441,0,0
1694976293175,17144,HTTP Request,200,OK,ThreadShohoz 1-59,text,true,,73801,116,70,70,https://www.shohoz.com/,16677,0,0
1694976294198,16411,HTTP Request,200,OK,ThreadShohoz 1-63,text,true,,73801,116,70,70,https://www.shohoz.com/,16016,0,0
1694976294327,16771,HTTP Request,200,OK,ThreadShohoz 1-65,text,true,,73803,116,70,70,https://www.shohoz.com/,16387,0,0
1694976294919,17008,HTTP Request,200,OK,ThreadShohoz 1-64,text,true,,73799,116,70,70,https://www.shohoz.com/,16549,0,0
1694976294960,17402,HTTP Request,200,OK,ThreadShohoz 1-66,text,true,,73795,116,70,70,https://www.shohoz.com/,17050,0,0
1694976295390,17328,HTTP Request,200,OK,ThreadShohoz 1-68,text,true,,73795,116,70,70,https://www.shohoz.com/,16941,0,0
1694976295593,17498,HTTP Request,200,OK,ThreadShohoz 1-69,text,true,,73795,116,70,70,https://www.shohoz.com/,17055,0,0
1694976296895,16818,HTTP Request,200,OK,ThreadShohoz 1-6,text,true,,73795,116,70,70,https://www.shohoz.com/,16374,0,0
1694976296575,17182,HTTP Request,200,OK,ThreadShohoz 1-7,text,true,,73801,116,70,70,https://www.shohoz.com/,16744,0,0
1694976295662,18165,HTTP Request,200,OK,ThreadShohoz 1-70,text,true,,73801,116,70,70,https://www.shohoz.com/,17691,0,0
1694976297190,16772,HTTP Request,200,OK,ThreadShohoz 1-2,text,true,,73801,116,70,70,https://www.shohoz.com/,16332,0,0
1694976296652,17803,HTTP Request,200,OK,ThreadShohoz 1-67,text,true,,73801,116,70,70,https://www.shohoz.com/,16813,0,0
1694976297489,16992,HTTP Request,200,OK,ThreadShohoz 1-1,text,true,,73805,116,70,70,https://www.shohoz.com/,16595,0,0
1694976297986,16746,HTTP Request,200,OK,ThreadShohoz 1-3,text,true,,73795,116,70,70,https://www.shohoz.com/,16339,0,0
1694976298313,16824,HTTP Request,200,OK,ThreadShohoz 1-10,text,true,,73795,116,70,70,https://www.shohoz.com/,16438,0,0
1694976299840,15511,HTTP Request,200,OK,ThreadShohoz 1-15,text,true,,73795,116,70,70,https://www.shohoz.com/,15107,0,0
1694976298844,16537,HTTP Request,200,OK,ThreadShohoz 1-12,text,true,,73803,116,70,70,https://www.shohoz.com/,16182,0,0
1694976299043,16415,HTTP Request,200,OK,ThreadShohoz 1-5,text,true,,73803,116,70,70,https://www.shohoz.com/,16007,0,0
1694976299959,15632,HTTP Request,200,OK,ThreadShohoz 1-16,text,true,,73805,116,70,70,https://www.shohoz.com/,15177,0,0
1694976299046,16552,HTTP Request,200,OK,ThreadShohoz 1-13,text,true,,73801,116,70,70,https://www.shohoz.com/,16216,0,0
1694976299992,15618,HTTP Request,200,OK,ThreadShohoz 1-18,text,true,,73801,116,70,70,https://www.shohoz.com/,15216,0,0
1694976299268,16464,HTTP Request,200,OK,ThreadShohoz 1-14,text,true,,73801,116,70,70,https://www.shohoz.com/,16049,0,0
1694976299105,16860,HTTP Request,200,OK,ThreadShohoz 1-11,text,true,,73801,116,70,70,https://www.shohoz.com/,16457,0,0
1694976300402,15904,HTTP Request,200,OK,ThreadShohoz 1-20,text,true,,73801,116,70,70,https://www.shohoz.com/,15509,0,0
1694976299023,17399,HTTP Request,200,OK,ThreadShohoz 1-4,text,true,,73799,116,70,70,https://www.shohoz.com/,16995,0,0
1694976300577,16048,HTTP Request,200,OK,ThreadShohoz 1-23,text,true,,73801,116,70,70,https://www.shohoz.com/,15651,0,0
1694976301059,15750,HTTP Request,200,OK,ThreadShohoz 1-30,text,true,,73799,116,70,70,https://www.shohoz.com/,15332,0,0
1694976300213,16667,HTTP Request,200,OK,ThreadShohoz 1-22,text,true,,73795,116,70,70,https://www.shohoz.com/,16232,0,0
1694976300219,16922,HTTP Request,200,OK,ThreadShohoz 1-21,text,true,,73805,116,70,70,https://www.shohoz.com/,16545,0,0
1694976301330,16401,HTTP Request,200,OK,ThreadShohoz 1-28,text,true,,73805,116,70,70,https://www.shohoz.com/,15984,0,0
1694976300354,17817,HTTP Request,200,OK,ThreadShohoz 1-17,text,true,,73801,116,70,70,https://www.shohoz.com/,17418,0,0
1694976300472,18198,HTTP Request,200,OK,ThreadShohoz 1-19,text,true,,73803,116,70,70,https://www.shohoz.com/,17784,0,0
1694976301491,17440,HTTP Request,200,OK,ThreadShohoz 1-29,text,true,,73799,116,70,70,https://www.shohoz.com/,17051,0,0
1694976298479,20594,HTTP Request,200,OK,ThreadShohoz 1-9,text,true,,73803,116,70,70,https://www.shohoz.com/,20197,0,0
1694976300632,19011,HTTP Request,200,OK,ThreadShohoz 1-24,text,true,,73799,116,70,70,https://www.shohoz.com/,18605,0,0
1694976301681,18318,HTTP Request,200,OK,ThreadShohoz 1-25,text,true,,73807,116,70,70,https://www.shohoz.com/,17862,0,0
1694976300903,19128,HTTP Request,200,OK,ThreadShohoz 1-26,text,true,,73801,116,70,70,https://www.shohoz.com/,18674,0,0
1694976302057,18203,HTTP Request,200,OK,ThreadShohoz 1-31,text,true,,73801,116,70,70,https://www.shohoz.com/,17793,0,0
1694976302372,18011,HTTP Request,200,OK,ThreadShohoz 1-33,text,true,,73795,116,70,70,https://www.shohoz.com/,17587,0,0
1694976301973,18453,HTTP Request,200,OK,ThreadShohoz 1-27,text,true,,73803,116,70,70,https://www.shohoz.com/,18087,0,0
1694976302293,18217,HTTP Request,200,OK,ThreadShohoz 1-32,text,true,,73803,116,70,70,https://www.shohoz.com/,17818,0,0
1694976302615,18021,HTTP Request,200,OK,ThreadShohoz 1-34,text,true,,73801,116,70,70,https://www.shohoz.com/,17627,0,0
1694976302540,18130,HTTP Request,200,OK,ThreadShohoz 1-35,text,true,,73807,116,70,70,https://www.shohoz.com/,17718,0,0
1694976311928,10074,HTTP Request,504,Gateway Time-out,ThreadShohoz 1-64,text,false,,292,116,70,70,https://www.shohoz.com/,10074,0,0
1694976297685,24480,HTTP Request,200,OK,ThreadShohoz 1-8,text,true,,73795,116,70,70,https://www.shohoz.com/,24061,0,0
1694976303258,18909,HTTP Request,200,OK,ThreadShohoz 1-36,text,true,,73803,116,70,70,https://www.shohoz.com/,18474,0,0
1694976306257,16716,HTTP Request,200,OK,ThreadShohoz 1-38,text,true,,73799,116,70,70,https://www.shohoz.com/,16291,0,0
1694976306185,17115,HTTP Request,200,OK,ThreadShohoz 1-41,text,true,,73801,116,70,70,https://www.shohoz.com/,16716,0,0
1694976307296,16189,HTTP Request,200,OK,ThreadShohoz 1-43,text,true,,73807,116,70,70,https://www.shohoz.com/,15714,0,0
1694976306742,16839,HTTP Request,200,OK,ThreadShohoz 1-39,text,true,,73799,116,70,70,https://www.shohoz.com/,16445,0,0
1694976307317,16267,HTTP Request,200,OK,ThreadShohoz 1-46,text,true,,73803,116,70,70,https://www.shohoz.com/,15837,0,0
1694976307863,15917,HTTP Request,200,OK,ThreadShohoz 1-44,text,true,,73801,116,70,70,https://www.shohoz.com/,15467,0,0
1694976313963,10071,HTTP Request,504,Gateway Time-out,ThreadShohoz 1-2,text,false,,292,116,70,70,https://www.shohoz.com/,10071,0,0
1694976306094,18007,HTTP Request,200,OK,ThreadShohoz 1-37,text,true,,73807,116,69,69,https://www.shohoz.com/,17596,0,0
1694976307198,17328,HTTP Request,200,OK,ThreadShohoz 1-42,text,true,,73803,116,69,69,https://www.shohoz.com/,16917,0,0
1694976308403,16427,HTTP Request,200,OK,ThreadShohoz 1-50,text,true,,73807,116,69,69,https://www.shohoz.com/,16061,0,0
1694976308388,16828,HTTP Request,200,OK,ThreadShohoz 1-49,text,true,,73803,116,69,69,https://www.shohoz.com/,16486,0,0
1694976308612,17285,HTTP Request,200,OK,ThreadShohoz 1-53,text,true,,73795,116,69,69,https://www.shohoz.com/,16886,0,0
1694976309002,16918,HTTP Request,200,OK,ThreadShohoz 1-52,text,true,,73803,116,69,69,https://www.shohoz.com/,16506,0,0
1694976308727,17221,HTTP Request,200,OK,ThreadShohoz 1-56,text,true,,73799,116,69,69,https://www.shohoz.com/,16812,0,0
1694976315966,10071,HTTP Request,504,Gateway Time-out,ThreadShohoz 1-11,text,false,,292,116,69,69,https://www.shohoz.com/,10071,0,0
1694976308777,17456,HTTP Request,200,OK,ThreadShohoz 1-47,text,true,,73803,116,68,68,https://www.shohoz.com/,17010,0,0
1694976309077,17289,HTTP Request,200,OK,ThreadShohoz 1-57,text,true,,73801,116,68,68,https://www.shohoz.com/,16953,0,0
1694976306307,20292,HTTP Request,200,OK,ThreadShohoz 1-40,text,true,,73803,116,68,68,https://www.shohoz.com/,19919,0,0
1694976310129,16795,HTTP Request,200,OK,ThreadShohoz 1-60,text,true,,73801,116,68,68,https://www.shohoz.com/,16420,0,0
1694976316880,10071,HTTP Request,504,Gateway Time-out,ThreadShohoz 1-22,text,false,,292,116,68,68,https://www.shohoz.com/,10071,0,0
1694976310206,16754,HTTP Request,200,OK,ThreadShohoz 1-58,text,true,,73807,116,67,67,https://www.shohoz.com/,16414,0,0
1694976310319,16668,HTTP Request,200,OK,ThreadShohoz 1-59,text,true,,73805,116,67,67,https://www.shohoz.com/,16289,0,0
1694976310113,16906,HTTP Request,200,OK,ThreadShohoz 1-61,text,true,,73801,116,67,67,https://www.shohoz.com/,16648,0,0
1694976308734,18438,HTTP Request,200,OK,ThreadShohoz 1-55,text,true,,73801,116,67,67,https://www.shohoz.com/,18033,0,0
1694976310609,16727,HTTP Request,200,OK,ThreadShohoz 1-63,text,true,,73801,116,67,67,https://www.shohoz.com/,16358,0,0
1694976307773,19674,HTTP Request,200,OK,ThreadShohoz 1-48,text,true,,73795,116,67,67,https://www.shohoz.com/,19270,0,0
1694976311099,16864,HTTP Request,200,OK,ThreadShohoz 1-65,text,true,,73803,116,67,67,https://www.shohoz.com/,16451,0,0
1694976307791,20294,HTTP Request,200,OK,ThreadShohoz 1-45,text,true,,73803,116,67,67,https://www.shohoz.com/,19896,0,0
1694976308788,19360,HTTP Request,200,OK,ThreadShohoz 1-51,text,true,,73803,116,67,67,https://www.shohoz.com/,18999,0,0
1694976309992,18670,HTTP Request,200,OK,ThreadShohoz 1-62,text,true,,73803,116,67,67,https://www.shohoz.com/,17024,0,0
1694976313092,15915,HTTP Request,200,OK,ThreadShohoz 1-69,text,true,,73803,116,67,67,https://www.shohoz.com/,15472,0,0
1694976313827,15951,HTTP Request,200,OK,ThreadShohoz 1-70,text,true,,73803,116,67,67,https://www.shohoz.com/,15480,0,0
1694976313713,16086,HTTP Request,200,OK,ThreadShohoz 1-6,text,true,,73799,116,67,67,https://www.shohoz.com/,15636,0,0
1694976315138,15347,HTTP Request,200,OK,ThreadShohoz 1-10,text,true,,73801,116,66,66,https://www.shohoz.com/,14906,0,0
1694976312719,18171,HTTP Request,200,OK,ThreadShohoz 1-68,text,true,,73801,116,65,65,https://www.shohoz.com/,17762,0,0
1694976315381,15558,HTTP Request,200,OK,ThreadShohoz 1-12,text,true,,73803,116,65,65,https://www.shohoz.com/,15240,0,0
1694976312362,18636,HTTP Request,200,OK,ThreadShohoz 1-66,text,true,,73803,116,64,64,https://www.shohoz.com/,18169,0,0
1694976315351,15656,HTTP Request,200,OK,ThreadShohoz 1-15,text,true,,73803,116,64,64,https://www.shohoz.com/,15307,0,0
1694976315598,15901,HTTP Request,200,OK,ThreadShohoz 1-13,text,true,,73801,116,63,63,https://www.shohoz.com/,15508,0,0
1694976314456,17069,HTTP Request,200,OK,ThreadShohoz 1-67,text,true,,73801,116,62,62,https://www.shohoz.com/,15567,0,0
1694976315458,16088,HTTP Request,200,OK,ThreadShohoz 1-5,text,true,,73801,116,62,62,https://www.shohoz.com/,15664,0,0
1694976314481,17145,HTTP Request,200,OK,ThreadShohoz 1-1,text,true,,73803,116,61,61,https://www.shohoz.com/,16713,0,0
1694976315591,16215,HTTP Request,200,OK,ThreadShohoz 1-16,text,true,,73801,116,60,60,https://www.shohoz.com/,15801,0,0
1694976315610,16296,HTTP Request,200,OK,ThreadShohoz 1-18,text,true,,73799,116,59,59,https://www.shohoz.com/,15896,0,0
1694976316306,16615,HTTP Request,200,OK,ThreadShohoz 1-20,text,true,,73801,116,58,58,https://www.shohoz.com/,16200,0,0
1694976316422,17088,HTTP Request,200,OK,ThreadShohoz 1-4,text,true,,73803,116,57,57,https://www.shohoz.com/,16623,0,0
1694976313757,19889,HTTP Request,200,OK,ThreadShohoz 1-7,text,true,,73803,116,56,56,https://www.shohoz.com/,19483,0,0
1694976317141,16523,HTTP Request,200,OK,ThreadShohoz 1-21,text,true,,73803,116,55,55,https://www.shohoz.com/,16065,0,0
1694976315732,17940,HTTP Request,200,OK,ThreadShohoz 1-14,text,true,,73803,116,54,54,https://www.shohoz.com/,17488,0,0
1694976318171,15662,HTTP Request,200,OK,ThreadShohoz 1-17,text,true,,73803,116,53,53,https://www.shohoz.com/,15252,0,0
1694976316809,17041,HTTP Request,200,OK,ThreadShohoz 1-30,text,true,,73803,116,52,52,https://www.shohoz.com/,16609,0,0
1694976314732,19400,HTTP Request,200,OK,ThreadShohoz 1-3,text,true,,73801,116,51,51,https://www.shohoz.com/,18981,0,0
1694976317731,16535,HTTP Request,200,OK,ThreadShohoz 1-28,text,true,,73803,116,50,50,https://www.shohoz.com/,16093,0,0
1694976308624,25780,HTTP Request,200,OK,ThreadShohoz 1-54,text,true,,73801,116,49,49,https://www.shohoz.com/,25407,0,0
1694976318670,15946,HTTP Request,200,OK,ThreadShohoz 1-19,text,true,,73807,116,49,49,https://www.shohoz.com/,15561,0,0
1694976318931,16051,HTTP Request,200,OK,ThreadShohoz 1-29,text,true,,73801,116,48,48,https://www.shohoz.com/,15627,0,0
1694976319643,15880,HTTP Request,200,OK,ThreadShohoz 1-24,text,true,,73807,116,47,47,https://www.shohoz.com/,15502,0,0
1694976316625,19422,HTTP Request,200,OK,ThreadShohoz 1-23,text,true,,73803,116,46,46,https://www.shohoz.com/,19017,0,0
1694976325920,10217,HTTP Request,504,Gateway Time-out,ThreadShohoz 1-52,text,false,,292,116,45,45,https://www.shohoz.com/,10217,0,146
1694976319074,17665,HTTP Request,200,OK,ThreadShohoz 1-9,text,true,,73807,116,44,44,https://www.shohoz.com/,17279,0,0
1694976320260,17027,HTTP Request,200,OK,ThreadShohoz 1-31,text,true,,73801,116,43,43,https://www.shohoz.com/,16638,0,0
1694976319999,17307,HTTP Request,200,OK,ThreadShohoz 1-25,text,true,,73803,116,42,42,https://www.shohoz.com/,16314,0,0
1694976320383,16981,HTTP Request,200,OK,ThreadShohoz 1-33,text,true,,73799,116,41,41,https://www.shohoz.com/,16551,0,0
1694976320637,16754,HTTP Request,200,OK,ThreadShohoz 1-34,text,true,,73801,116,40,40,https://www.shohoz.com/,16350,0,0
1694976320511,16895,HTTP Request,200,OK,ThreadShohoz 1-32,text,true,,73807,116,39,39,https://www.shohoz.com/,16496,0,0
1694976320670,16765,HTTP Request,200,OK,ThreadShohoz 1-35,text,true,,73801,116,38,38,https://www.shohoz.com/,16384,0,0
1694976320427,17028,HTTP Request,200,OK,ThreadShohoz 1-27,text,true,,73799,116,37,37,https://www.shohoz.com/,16645,0,0
1694976320031,17950,HTTP Request,200,OK,ThreadShohoz 1-26,text,true,,73795,116,36,36,https://www.shohoz.com/,17555,0,0
1694976322166,16496,HTTP Request,200,OK,ThreadShohoz 1-8,text,true,,73795,116,35,35,https://www.shohoz.com/,16100,0,0
1694976329008,10217,HTTP Request,504,Gateway Time-out,ThreadShohoz 1-69,text,false,,292,116,34,34,https://www.shohoz.com/,10217,0,146
1694976322973,16893,HTTP Request,200,OK,ThreadShohoz 1-38,text,true,,73803,116,33,33,https://www.shohoz.com/,16436,0,0
1694976323300,16709,HTTP Request,200,OK,ThreadShohoz 1-41,text,true,,73799,116,32,32,https://www.shohoz.com/,16259,0,0
1694976323780,16392,HTTP Request,200,OK,ThreadShohoz 1-44,text,true,,73803,116,31,31,https://www.shohoz.com/,15986,0,0
1694976323486,16808,HTTP Request,200,OK,ThreadShohoz 1-43,text,true,,73803,116,30,30,https://www.shohoz.com/,16401,0,0
1694976322003,18800,HTTP Request,200,OK,ThreadShohoz 1-64,text,true,,73803,116,29,29,https://www.shohoz.com/,18345,0,0
1694976322167,18859,HTTP Request,200,OK,ThreadShohoz 1-36,text,true,,73801,116,28,28,https://www.shohoz.com/,18381,0,0
1694976324830,17069,HTTP Request,200,OK,ThreadShohoz 1-50,text,true,,73803,116,27,27,https://www.shohoz.com/,16764,0,144
1694976325216,17430,HTTP Request,200,OK,ThreadShohoz 1-49,text,true,,73805,116,26,26,https://www.shohoz.com/,17067,0,145
1694976323581,19067,HTTP Request,200,OK,ThreadShohoz 1-39,text,true,,73799,116,25,25,https://www.shohoz.com/,18610,0,0
1694976326234,16584,HTTP Request,200,OK,ThreadShohoz 1-47,text,true,,73795,116,24,24,https://www.shohoz.com/,16200,0,174
1694976326599,16334,HTTP Request,200,OK,ThreadShohoz 1-40,text,true,,73803,116,23,23,https://www.shohoz.com/,15946,0,164
1694976323584,19420,HTTP Request,200,OK,ThreadShohoz 1-46,text,true,,73803,116,22,22,https://www.shohoz.com/,19011,0,0
1694976325897,17519,HTTP Request,200,OK,ThreadShohoz 1-53,text,true,,73799,116,21,21,https://www.shohoz.com/,17194,0,150
1694976326925,16948,HTTP Request,200,OK,ThreadShohoz 1-60,text,true,,73801,116,20,20,https://www.shohoz.com/,16575,0,147
1694976327173,16717,HTTP Request,200,OK,ThreadShohoz 1-55,text,true,,73803,116,19,19,https://www.shohoz.com/,16385,0,158
1694976327019,16910,HTTP Request,200,OK,ThreadShohoz 1-61,text,true,,73801,116,18,18,https://www.shohoz.com/,16533,0,161
1694976326960,17067,HTTP Request,200,OK,ThreadShohoz 1-58,text,true,,73799,116,17,17,https://www.shohoz.com/,16707,0,148
1694976324101,20121,HTTP Request,200,OK,ThreadShohoz 1-37,text,true,,73799,116,16,16,https://www.shohoz.com/,19715,0,197
1694976327448,16794,HTTP Request,200,OK,ThreadShohoz 1-48,text,true,,73801,116,15,15,https://www.shohoz.com/,16405,0,146
1694976328086,16241,HTTP Request,200,OK,ThreadShohoz 1-45,text,true,,73795,116,14,14,https://www.shohoz.com/,15887,0,142
1694976326366,18237,HTTP Request,200,OK,ThreadShohoz 1-57,text,true,,73803,116,13,13,https://www.shohoz.com/,17890,0,146
1694976328149,16609,HTTP Request,200,OK,ThreadShohoz 1-51,text,true,,73803,116,12,12,https://www.shohoz.com/,16249,0,143
1694976328663,16537,HTTP Request,200,OK,ThreadShohoz 1-62,text,true,,73805,116,11,11,https://www.shohoz.com/,16191,0,151
1694976330891,15058,HTTP Request,200,OK,ThreadShohoz 1-68,text,true,,73801,116,10,10,https://www.shohoz.com/,14763,0,144
1694976329780,16382,HTTP Request,200,OK,ThreadShohoz 1-70,text,true,,73803,116,9,9,https://www.shohoz.com/,15893,0,159
1694976327964,18512,HTTP Request,200,OK,ThreadShohoz 1-65,text,true,,73795,116,8,8,https://www.shohoz.com/,18238,0,156
1694976331526,15273,HTTP Request,200,OK,ThreadShohoz 1-67,text,true,,73803,116,7,7,https://www.shohoz.com/,14980,0,155
1694976324526,22309,HTTP Request,200,OK,ThreadShohoz 1-42,text,true,,73803,116,6,6,https://www.shohoz.com/,22024,0,163
1694976330999,16207,HTTP Request,200,OK,ThreadShohoz 1-66,text,true,,73801,116,5,5,https://www.shohoz.com/,15877,0,144
1694976325948,21567,HTTP Request,200,OK,ThreadShohoz 1-56,text,true,,73799,116,4,4,https://www.shohoz.com/,21229,0,148
1694976326987,22296,HTTP Request,200,OK,ThreadShohoz 1-59,text,true,,73801,116,3,3,https://www.shohoz.com/,21985,0,154
1694976334404,14987,HTTP Request,200,OK,ThreadShohoz 1-54,text,true,,73801,116,2,2,https://www.shohoz.com/,14706,0,145
1694976327337,22306,HTTP Request,200,OK,ThreadShohoz 1-63,text,true,,73807,116,1,1,https://www.shohoz.com/,22000,0,143
